<?xml version="1.0" encoding="UTF-8" standalone="yes"?>
<ns2:ExportManifest xmlns:ns2="http://www.pentaho.com/schema/">
    <ExportManifestInformation exportDate="16-11-2015 07:58:47 EST" exportBy="admin" rootFolder="/home/" manifestVersion="2"/>
    <ExportManifestEntity path="Breadboard BI Solution Areas">
        <ExportManifestProperty>
            <EntityMetaData name="Breadboard BI Solution Areas" createdDate="2015-11-10T09:39:15.782-05:00" isFolder="true" path="Breadboard BI Solution Areas" isHidden="false" locale="en_US" title="Breadboard BI Solution Areas"/>
        </ExportManifestProperty>
        <ExportManifestProperty>
            <EntityAcl>
                <entriesInheriting>true</entriesInheriting>
                <owner>admin</owner>
                <ownerType>USER</ownerType>
            </EntityAcl>
        </ExportManifestProperty>
    </ExportManifestEntity>
    <ExportManifestEntity path="Breadboard BI Solution Areas/Customer 360">
        <ExportManifestProperty>
            <EntityMetaData name="Customer 360" createdDate="2015-11-10T09:39:33.809-05:00" isFolder="true" path="Breadboard BI Solution Areas/Customer 360" isHidden="false" locale="en_US" title="Customer 360"/>
        </ExportManifestProperty>
        <ExportManifestProperty>
            <EntityAcl>
                <entriesInheriting>true</entriesInheriting>
                <owner>admin</owner>
                <ownerType>USER</ownerType>
            </EntityAcl>
        </ExportManifestProperty>
    </ExportManifestEntity>
    <ExportManifestEntity path="Breadboard BI Solution Areas/Customer 360/Case Management Module">
        <ExportManifestProperty>
            <EntityMetaData name="Case Management Module" createdDate="2015-11-10T09:41:54.841-05:00" isFolder="true" path="Breadboard BI Solution Areas/Customer 360/Case Management Module" isHidden="false" locale="en_US" title="Case Management Module"/>
        </ExportManifestProperty>
        <ExportManifestProperty>
            <EntityAcl>
                <entriesInheriting>true</entriesInheriting>
                <owner>admin</owner>
                <ownerType>USER</ownerType>
            </EntityAcl>
        </ExportManifestProperty>
    </ExportManifestEntity>
    <ExportManifestEntity path="Breadboard BI Solution Areas/Customer 360/Case Management Module/Case Management Analysis Cubes">
        <ExportManifestProperty>
            <EntityMetaData name="Case Management Analysis Cubes" createdDate="2015-11-10T09:57:39.083-05:00" isFolder="true" path="Breadboard BI Solution Areas/Customer 360/Case Management Module/Case Management Analysis Cubes" isHidden="false" locale="en_US" title="Case Management Analysis Cubes"/>
        </ExportManifestProperty>
        <ExportManifestProperty>
            <EntityAcl>
                <entriesInheriting>true</entriesInheriting>
                <owner>admin</owner>
                <ownerType>USER</ownerType>
            </EntityAcl>
        </ExportManifestProperty>
    </ExportManifestEntity>
    <ExportManifestEntity path="Breadboard BI Solution Areas/Customer 360/Case Management Module/Case Management Analysis Cubes/Case Management Category Analysis.xanalyzer">
        <ExportManifestProperty>
            <EntityMetaData name="Case Management Category Analysis.xanalyzer" createdDate="2015-11-10T10:08:55.426-05:00" isFolder="false" path="Breadboard BI Solution Areas/Customer 360/Case Management Module/Case Management Analysis Cubes/Case Management Category Analysis.xanalyzer" isHidden="false" locale="en_US" title="Case Management Category Analysis"/>
        </ExportManifestProperty>
        <ExportManifestProperty>
            <EntityAcl>
                <entriesInheriting>true</entriesInheriting>
                <owner>admin</owner>
                <ownerType>USER</ownerType>
            </EntityAcl>
        </ExportManifestProperty>
    </ExportManifestEntity>
    <ExportManifestEntity path="Breadboard BI Solution Areas/Customer 360/Case Management Module/Case Management Analysis Cubes/Case Management Customer Analysis.xanalyzer">
        <ExportManifestProperty>
            <EntityMetaData name="Case Management Customer Analysis.xanalyzer" createdDate="2015-11-10T10:13:48.663-05:00" isFolder="false" path="Breadboard BI Solution Areas/Customer 360/Case Management Module/Case Management Analysis Cubes/Case Management Customer Analysis.xanalyzer" isHidden="false" locale="en_US" title="Case Management Customer Analysis"/>
        </ExportManifestProperty>
        <ExportManifestProperty>
            <EntityAcl>
                <entriesInheriting>true</entriesInheriting>
                <owner>admin</owner>
                <ownerType>USER</ownerType>
            </EntityAcl>
        </ExportManifestProperty>
    </ExportManifestEntity>
    <ExportManifestEntity path="Breadboard BI Solution Areas/Customer 360/Case Management Module/Case Management Analysis Cubes/Case Management Customer Time Analysis.xanalyzer">
        <ExportManifestProperty>
            <EntityMetaData name="Case Management Customer Time Analysis.xanalyzer" createdDate="2015-11-10T10:18:18.722-05:00" isFolder="false" path="Breadboard BI Solution Areas/Customer 360/Case Management Module/Case Management Analysis Cubes/Case Management Customer Time Analysis.xanalyzer" isHidden="false" locale="en_US" title="Case Management Customer Time Analysis"/>
        </ExportManifestProperty>
        <ExportManifestProperty>
            <EntityAcl>
                <entriesInheriting>true</entriesInheriting>
                <owner>admin</owner>
                <ownerType>USER</ownerType>
            </EntityAcl>
        </ExportManifestProperty>
    </ExportManifestEntity>
    <ExportManifestEntity path="Breadboard BI Solution Areas/Customer 360/Case Management Module/Case Management Analysis Cubes/Case Management Impact Analysis.xanalyzer">
        <ExportManifestProperty>
            <EntityMetaData name="Case Management Impact Analysis.xanalyzer" createdDate="2015-11-10T10:21:23.062-05:00" isFolder="false" path="Breadboard BI Solution Areas/Customer 360/Case Management Module/Case Management Analysis Cubes/Case Management Impact Analysis.xanalyzer" isHidden="false" locale="en_US" title="Case Management Impact Analysis"/>
        </ExportManifestProperty>
        <ExportManifestProperty>
            <EntityAcl>
                <entriesInheriting>true</entriesInheriting>
                <owner>admin</owner>
                <ownerType>USER</ownerType>
            </EntityAcl>
        </ExportManifestProperty>
    </ExportManifestEntity>
    <ExportManifestEntity path="Breadboard BI Solution Areas/Customer 360/Case Management Module/Case Management Analysis Cubes/Case Management Service Representative Analysis.xanalyzer">
        <ExportManifestProperty>
            <EntityMetaData name="Case Management Service Representative Analysis.xanalyzer" createdDate="2015-11-10T10:23:58.776-05:00" isFolder="false" path="Breadboard BI Solution Areas/Customer 360/Case Management Module/Case Management Analysis Cubes/Case Management Service Representative Analysis.xanalyzer" isHidden="false" locale="en_US" title="Case Management Service Representative Analysis"/>
        </ExportManifestProperty>
        <ExportManifestProperty>
            <EntityAcl>
                <entriesInheriting>true</entriesInheriting>
                <owner>admin</owner>
                <ownerType>USER</ownerType>
            </EntityAcl>
        </ExportManifestProperty>
    </ExportManifestEntity>
    <ExportManifestEntity path="Breadboard BI Solution Areas/Customer 360/Case Management Module/Case Management Analysis Cubes/Case Management Status Analysis.xanalyzer">
        <ExportManifestProperty>
            <EntityMetaData name="Case Management Status Analysis.xanalyzer" createdDate="2015-11-10T10:26:11.205-05:00" isFolder="false" path="Breadboard BI Solution Areas/Customer 360/Case Management Module/Case Management Analysis Cubes/Case Management Status Analysis.xanalyzer" isHidden="false" locale="en_US" title="Case Management Status Analysis"/>
        </ExportManifestProperty>
        <ExportManifestProperty>
            <EntityAcl>
                <entriesInheriting>true</entriesInheriting>
                <owner>admin</owner>
                <ownerType>USER</ownerType>
            </EntityAcl>
        </ExportManifestProperty>
    </ExportManifestEntity>
    <ExportManifestEntity path="Breadboard BI Solution Areas/Customer 360/Case Management Module/Case Management Analysis Cubes/Case Management Time Analysis.xanalyzer">
        <ExportManifestProperty>
            <EntityMetaData name="Case Management Time Analysis.xanalyzer" createdDate="2015-11-10T10:28:56.140-05:00" isFolder="false" path="Breadboard BI Solution Areas/Customer 360/Case Management Module/Case Management Analysis Cubes/Case Management Time Analysis.xanalyzer" isHidden="false" locale="en_US" title="Case Management Time Analysis"/>
        </ExportManifestProperty>
        <ExportManifestProperty>
            <EntityAcl>
                <entriesInheriting>true</entriesInheriting>
                <owner>admin</owner>
                <ownerType>USER</ownerType>
            </EntityAcl>
        </ExportManifestProperty>
    </ExportManifestEntity>
    <ExportManifestEntity path="Breadboard BI Solution Areas/Customer 360/Clickstream Module">
        <ExportManifestProperty>
            <EntityMetaData name="Clickstream Module" createdDate="2015-11-10T10:30:03.259-05:00" isFolder="true" path="Breadboard BI Solution Areas/Customer 360/Clickstream Module" isHidden="false" locale="en_US" title="Clickstream Module"/>
        </ExportManifestProperty>
        <ExportManifestProperty>
            <EntityAcl>
                <entriesInheriting>true</entriesInheriting>
                <owner>admin</owner>
                <ownerType>USER</ownerType>
            </EntityAcl>
        </ExportManifestProperty>
    </ExportManifestEntity>
    <ExportManifestEntity path="Breadboard BI Solution Areas/Customer 360/Clickstream Module/Clickstream Analysis Cubes">
        <ExportManifestProperty>
            <EntityMetaData name="Clickstream Analysis Cubes" createdDate="2015-11-10T10:30:34.566-05:00" isFolder="true" path="Breadboard BI Solution Areas/Customer 360/Clickstream Module/Clickstream Analysis Cubes" isHidden="false" locale="en_US" title="Clickstream Analysis Cubes"/>
        </ExportManifestProperty>
        <ExportManifestProperty>
            <EntityAcl>
                <entriesInheriting>true</entriesInheriting>
                <owner>admin</owner>
                <ownerType>USER</ownerType>
            </EntityAcl>
        </ExportManifestProperty>
    </ExportManifestEntity>
    <ExportManifestEntity path="Breadboard BI Solution Areas/Customer 360/Clickstream Module/Clickstream Analysis Cubes/Web Page Time Analysis.xanalyzer">
        <ExportManifestProperty>
            <EntityMetaData name="Web Page Time Analysis.xanalyzer" createdDate="2015-11-11T10:54:56.765-05:00" isFolder="false" path="Breadboard BI Solution Areas/Customer 360/Clickstream Module/Clickstream Analysis Cubes/Web Page Time Analysis.xanalyzer" isHidden="false" locale="en_US" title="Web Page Time Analysis"/>
        </ExportManifestProperty>
        <ExportManifestProperty>
            <EntityAcl>
                <entriesInheriting>true</entriesInheriting>
                <owner>admin</owner>
                <ownerType>USER</ownerType>
            </EntityAcl>
        </ExportManifestProperty>
    </ExportManifestEntity>
    <ExportManifestEntity path="Breadboard BI Solution Areas/Customer 360/Clickstream Module/Clickstream Analysis Cubes/Web Page Top Pages.xanalyzer">
        <ExportManifestProperty>
            <EntityMetaData name="Web Page Top Pages.xanalyzer" createdDate="2015-11-11T11:00:57.388-05:00" isFolder="false" path="Breadboard BI Solution Areas/Customer 360/Clickstream Module/Clickstream Analysis Cubes/Web Page Top Pages.xanalyzer" isHidden="false" locale="en_US" title="Web Page Top Pages"/>
        </ExportManifestProperty>
        <ExportManifestProperty>
            <EntityAcl>
                <entriesInheriting>true</entriesInheriting>
                <owner>admin</owner>
                <ownerType>USER</ownerType>
            </EntityAcl>
        </ExportManifestProperty>
    </ExportManifestEntity>
    <ExportManifestEntity path="Breadboard BI Solution Areas/Customer 360/Clickstream Module/Clickstream Analysis Cubes/Web Site Referral - Top Referers.xanalyzer">
        <ExportManifestProperty>
            <EntityMetaData name="Web Site Referral - Top Referers.xanalyzer" createdDate="2015-11-11T11:04:33.488-05:00" isFolder="false" path="Breadboard BI Solution Areas/Customer 360/Clickstream Module/Clickstream Analysis Cubes/Web Site Referral - Top Referers.xanalyzer" isHidden="false" locale="en_US" title="Web Site Referral - Top Referers"/>
        </ExportManifestProperty>
        <ExportManifestProperty>
            <EntityAcl>
                <entriesInheriting>true</entriesInheriting>
                <owner>admin</owner>
                <ownerType>USER</ownerType>
            </EntityAcl>
        </ExportManifestProperty>
    </ExportManifestEntity>
    <ExportManifestEntity path="Breadboard BI Solution Areas/Customer 360/Clickstream Module/Clickstream Analysis Cubes/Web Site Referral Time Analysis.xanalyzer">
        <ExportManifestProperty>
            <EntityMetaData name="Web Site Referral Time Analysis.xanalyzer" createdDate="2015-11-11T11:09:00.978-05:00" isFolder="false" path="Breadboard BI Solution Areas/Customer 360/Clickstream Module/Clickstream Analysis Cubes/Web Site Referral Time Analysis.xanalyzer" isHidden="false" locale="en_US" title="Web Site Referral Time Analysis"/>
        </ExportManifestProperty>
        <ExportManifestProperty>
            <EntityAcl>
                <entriesInheriting>true</entriesInheriting>
                <owner>admin</owner>
                <ownerType>USER</ownerType>
            </EntityAcl>
        </ExportManifestProperty>
    </ExportManifestEntity>
    <ExportManifestEntity path="Breadboard BI Solution Areas/Customer 360/Clickstream Module/Clickstream Analysis Cubes/Web Visit City Time Analysis.xanalyzer">
        <ExportManifestProperty>
            <EntityMetaData name="Web Visit City Time Analysis.xanalyzer" createdDate="2015-11-11T12:19:08.429-05:00" isFolder="false" path="Breadboard BI Solution Areas/Customer 360/Clickstream Module/Clickstream Analysis Cubes/Web Visit City Time Analysis.xanalyzer" isHidden="false" locale="en_US" title="Web Visit City Time Analysis"/>
        </ExportManifestProperty>
        <ExportManifestProperty>
            <EntityAcl>
                <entriesInheriting>true</entriesInheriting>
                <owner>admin</owner>
                <ownerType>USER</ownerType>
            </EntityAcl>
        </ExportManifestProperty>
    </ExportManifestEntity>
    <ExportManifestEntity path="Breadboard BI Solution Areas/Customer 360/Clickstream Module/Clickstream Analysis Cubes/Web Visit DMA Time Analysis.xanalyzer">
        <ExportManifestProperty>
            <EntityMetaData name="Web Visit DMA Time Analysis.xanalyzer" createdDate="2015-11-11T12:20:33.370-05:00" isFolder="false" path="Breadboard BI Solution Areas/Customer 360/Clickstream Module/Clickstream Analysis Cubes/Web Visit DMA Time Analysis.xanalyzer" isHidden="false" locale="en_US" title="Web Visit DMA Time Analysis"/>
        </ExportManifestProperty>
        <ExportManifestProperty>
            <EntityAcl>
                <entriesInheriting>true</entriesInheriting>
                <owner>admin</owner>
                <ownerType>USER</ownerType>
            </EntityAcl>
        </ExportManifestProperty>
    </ExportManifestEntity>
    <ExportManifestEntity path="Breadboard BI Solution Areas/Customer 360/Clickstream Module/Clickstream Analysis Cubes/Web Visit Location Time Analysis.xanalyzer">
        <ExportManifestProperty>
            <EntityMetaData name="Web Visit Location Time Analysis.xanalyzer" createdDate="2015-11-11T12:22:24.910-05:00" isFolder="false" path="Breadboard BI Solution Areas/Customer 360/Clickstream Module/Clickstream Analysis Cubes/Web Visit Location Time Analysis.xanalyzer" isHidden="false" locale="en_US" title="Web Visit Location Time Analysis"/>
        </ExportManifestProperty>
        <ExportManifestProperty>
            <EntityAcl>
                <entriesInheriting>true</entriesInheriting>
                <owner>admin</owner>
                <ownerType>USER</ownerType>
            </EntityAcl>
        </ExportManifestProperty>
    </ExportManifestEntity>
    <ExportManifestEntity path="Breadboard BI Solution Areas/Customer 360/Clickstream Module/Clickstream Analysis Cubes/Web Visit Postal Code Time Analysis for the United States and Canada.xanalyzer">
        <ExportManifestProperty>
            <EntityMetaData name="Web Visit Postal Code Time Analysis for the United States and Canada.xanalyzer" createdDate="2015-11-11T12:29:17.190-05:00" isFolder="false" path="Breadboard BI Solution Areas/Customer 360/Clickstream Module/Clickstream Analysis Cubes/Web Visit Postal Code Time Analysis for the United States and Canada.xanalyzer" isHidden="false" locale="en_US" title="Web Visit Postal Code Time Analysis for the United States and Canada"/>
        </ExportManifestProperty>
        <ExportManifestProperty>
            <EntityAcl>
                <entriesInheriting>true</entriesInheriting>
                <owner>admin</owner>
                <ownerType>USER</ownerType>
            </EntityAcl>
        </ExportManifestProperty>
    </ExportManifestEntity>
    <ExportManifestEntity path="Breadboard BI Solution Areas/Customer 360/Clickstream Module/Clickstream Analysis Cubes/Web Visit Telephone Area Time Analysis.xanalyzer">
        <ExportManifestProperty>
            <EntityMetaData name="Web Visit Telephone Area Time Analysis.xanalyzer" createdDate="2015-11-11T12:30:55.833-05:00" isFolder="false" path="Breadboard BI Solution Areas/Customer 360/Clickstream Module/Clickstream Analysis Cubes/Web Visit Telephone Area Time Analysis.xanalyzer" isHidden="false" locale="en_US" title="Web Visit Telephone Area Time Analysis"/>
        </ExportManifestProperty>
        <ExportManifestProperty>
            <EntityAcl>
                <entriesInheriting>true</entriesInheriting>
                <owner>admin</owner>
                <ownerType>USER</ownerType>
            </EntityAcl>
        </ExportManifestProperty>
    </ExportManifestEntity>
    <ExportManifestEntity path="Breadboard BI Solution Areas/Customer 360/Clickstream Module/Clickstream Analysis Cubes/Web Visit Time Analysis.xanalyzer">
        <ExportManifestProperty>
            <EntityMetaData name="Web Visit Time Analysis.xanalyzer" createdDate="2015-11-11T12:32:32.253-05:00" isFolder="false" path="Breadboard BI Solution Areas/Customer 360/Clickstream Module/Clickstream Analysis Cubes/Web Visit Time Analysis.xanalyzer" isHidden="false" locale="en_US" title="Web Visit Time Analysis"/>
        </ExportManifestProperty>
        <ExportManifestProperty>
            <EntityAcl>
                <entriesInheriting>true</entriesInheriting>
                <owner>admin</owner>
                <ownerType>USER</ownerType>
            </EntityAcl>
        </ExportManifestProperty>
    </ExportManifestEntity>
    <ExportManifestEntity path="Breadboard BI Solution Areas/Customer 360/Contact Center Module">
        <ExportManifestProperty>
            <EntityMetaData name="Contact Center Module" createdDate="2015-11-11T12:38:17.646-05:00" isFolder="true" path="Breadboard BI Solution Areas/Customer 360/Contact Center Module" isHidden="false" locale="en_US" title="Contact Center Module"/>
        </ExportManifestProperty>
        <ExportManifestProperty>
            <EntityAcl>
                <entriesInheriting>true</entriesInheriting>
                <owner>admin</owner>
                <ownerType>USER</ownerType>
            </EntityAcl>
        </ExportManifestProperty>
    </ExportManifestEntity>
    <ExportManifestEntity path="Breadboard BI Solution Areas/Customer 360/Contact Center Module/Contact Center Analysis Cubes">
        <ExportManifestProperty>
            <EntityMetaData name="Contact Center Analysis Cubes" createdDate="2015-11-11T12:39:49.612-05:00" isFolder="true" path="Breadboard BI Solution Areas/Customer 360/Contact Center Module/Contact Center Analysis Cubes" isHidden="false" locale="en_US" title="Contact Center Analysis Cubes"/>
        </ExportManifestProperty>
        <ExportManifestProperty>
            <EntityAcl>
                <entriesInheriting>true</entriesInheriting>
                <owner>admin</owner>
                <ownerType>USER</ownerType>
            </EntityAcl>
        </ExportManifestProperty>
    </ExportManifestEntity>
    <ExportManifestEntity path="Breadboard BI Solution Areas/Customer 360/Contact Center Module/Contact Center Analysis Cubes/Call Center Business Unit Analysis.xanalyzer">
        <ExportManifestProperty>
            <EntityMetaData name="Call Center Business Unit Analysis.xanalyzer" createdDate="2015-11-11T12:52:15.654-05:00" isFolder="false" path="Breadboard BI Solution Areas/Customer 360/Contact Center Module/Contact Center Analysis Cubes/Call Center Business Unit Analysis.xanalyzer" isHidden="false" locale="en_US" title="Call Center Business Unit Analysis"/>
        </ExportManifestProperty>
        <ExportManifestProperty>
            <EntityAcl>
                <entriesInheriting>true</entriesInheriting>
                <owner>admin</owner>
                <ownerType>USER</ownerType>
            </EntityAcl>
        </ExportManifestProperty>
    </ExportManifestEntity>
    <ExportManifestEntity path="Breadboard BI Solution Areas/Customer 360/Contact Center Module/Contact Center Analysis Cubes/Call Center Customer Analysis.xanalyzer">
        <ExportManifestProperty>
            <EntityMetaData name="Call Center Customer Analysis.xanalyzer" createdDate="2015-11-11T12:52:55.785-05:00" isFolder="false" path="Breadboard BI Solution Areas/Customer 360/Contact Center Module/Contact Center Analysis Cubes/Call Center Customer Analysis.xanalyzer" isHidden="false" locale="en_US" title="Call Center Customer Analysis"/>
        </ExportManifestProperty>
        <ExportManifestProperty>
            <EntityAcl>
                <entriesInheriting>true</entriesInheriting>
                <owner>admin</owner>
                <ownerType>USER</ownerType>
            </EntityAcl>
        </ExportManifestProperty>
    </ExportManifestEntity>
    <ExportManifestEntity path="Breadboard BI Solution Areas/Customer 360/Contact Center Module/Contact Center Analysis Cubes/Call Center Product Analysis.xanalyzer">
        <ExportManifestProperty>
            <EntityMetaData name="Call Center Product Analysis.xanalyzer" createdDate="2015-11-11T12:53:15.363-05:00" isFolder="false" path="Breadboard BI Solution Areas/Customer 360/Contact Center Module/Contact Center Analysis Cubes/Call Center Product Analysis.xanalyzer" isHidden="false" locale="en_US" title="Call Center Product Analysis"/>
        </ExportManifestProperty>
        <ExportManifestProperty>
            <EntityAcl>
                <entriesInheriting>true</entriesInheriting>
                <owner>admin</owner>
                <ownerType>USER</ownerType>
            </EntityAcl>
        </ExportManifestProperty>
    </ExportManifestEntity>
    <ExportManifestEntity path="Breadboard BI Solution Areas/Customer 360/Contact Center Module/Contact Center Analysis Cubes/Call Center Service Representative Analysis.xanalyzer">
        <ExportManifestProperty>
            <EntityMetaData name="Call Center Service Representative Analysis.xanalyzer" createdDate="2015-11-11T12:53:32.578-05:00" isFolder="false" path="Breadboard BI Solution Areas/Customer 360/Contact Center Module/Contact Center Analysis Cubes/Call Center Service Representative Analysis.xanalyzer" isHidden="false" locale="en_US" title="Call Center Service Representative Analysis"/>
        </ExportManifestProperty>
        <ExportManifestProperty>
            <EntityAcl>
                <entriesInheriting>true</entriesInheriting>
                <owner>admin</owner>
                <ownerType>USER</ownerType>
            </EntityAcl>
        </ExportManifestProperty>
    </ExportManifestEntity>
    <ExportManifestEntity path="Breadboard BI Solution Areas/Customer 360/Contact Center Module/Contact Center Analysis Cubes/Call Center Time Analysis.xanalyzer">
        <ExportManifestProperty>
            <EntityMetaData name="Call Center Time Analysis.xanalyzer" createdDate="2015-11-11T12:58:56.639-05:00" isFolder="false" path="Breadboard BI Solution Areas/Customer 360/Contact Center Module/Contact Center Analysis Cubes/Call Center Time Analysis.xanalyzer" isHidden="false" locale="en_US" title="Call Center Time Analysis"/>
        </ExportManifestProperty>
        <ExportManifestProperty>
            <EntityAcl>
                <entriesInheriting>true</entriesInheriting>
                <owner>admin</owner>
                <ownerType>USER</ownerType>
            </EntityAcl>
        </ExportManifestProperty>
    </ExportManifestEntity>
    <ExportManifestEntity path="Breadboard BI Solution Areas/Customer 360/Contact Center Module/Contact Center Analysis Cubes/Call by Customer &amp; Time.xanalyzer">
        <ExportManifestProperty>
            <EntityMetaData name="Call by Customer &amp; Time.xanalyzer" createdDate="2015-11-11T13:01:42.045-05:00" isFolder="false" path="Breadboard BI Solution Areas/Customer 360/Contact Center Module/Contact Center Analysis Cubes/Call by Customer &amp; Time.xanalyzer" isHidden="false" locale="en_US" title="Call by Customer &amp; Time"/>
        </ExportManifestProperty>
        <ExportManifestProperty>
            <EntityAcl>
                <entriesInheriting>true</entriesInheriting>
                <owner>admin</owner>
                <ownerType>USER</ownerType>
            </EntityAcl>
        </ExportManifestProperty>
    </ExportManifestEntity>
    <ExportManifestEntity path="Breadboard BI Solution Areas/Customer 360/Online Marketing Module">
        <ExportManifestProperty>
            <EntityMetaData name="Online Marketing Module" createdDate="2015-11-11T13:43:09.720-05:00" isFolder="true" path="Breadboard BI Solution Areas/Customer 360/Online Marketing Module" isHidden="false" locale="en_US" title="Online Marketing Module"/>
        </ExportManifestProperty>
        <ExportManifestProperty>
            <EntityAcl>
                <entriesInheriting>true</entriesInheriting>
                <owner>admin</owner>
                <ownerType>USER</ownerType>
            </EntityAcl>
        </ExportManifestProperty>
    </ExportManifestEntity>
    <ExportManifestEntity path="Breadboard BI Solution Areas/Customer 360/Online Marketing Module/Marketing Analysis Cubes">
        <ExportManifestProperty>
            <EntityMetaData name="Marketing Analysis Cubes" createdDate="2015-11-11T13:43:31.787-05:00" isFolder="true" path="Breadboard BI Solution Areas/Customer 360/Online Marketing Module/Marketing Analysis Cubes" isHidden="false" locale="en_US" title="Marketing Analysis Cubes"/>
        </ExportManifestProperty>
        <ExportManifestProperty>
            <EntityAcl>
                <entriesInheriting>true</entriesInheriting>
                <owner>admin</owner>
                <ownerType>USER</ownerType>
            </EntityAcl>
        </ExportManifestProperty>
    </ExportManifestEntity>
    <ExportManifestEntity path="Breadboard BI Solution Areas/Customer 360/Online Marketing Module/Marketing Analysis Cubes/Keyword Phrase Destination URL Analysis.xanalyzer">
        <ExportManifestProperty>
            <EntityMetaData name="Keyword Phrase Destination URL Analysis.xanalyzer" createdDate="2015-11-11T13:46:07.029-05:00" isFolder="false" path="Breadboard BI Solution Areas/Customer 360/Online Marketing Module/Marketing Analysis Cubes/Keyword Phrase Destination URL Analysis.xanalyzer" isHidden="false" locale="en_US" title="Keyword Phrase Destination URL Analysis"/>
        </ExportManifestProperty>
        <ExportManifestProperty>
            <EntityAcl>
                <entriesInheriting>true</entriesInheriting>
                <owner>admin</owner>
                <ownerType>USER</ownerType>
            </EntityAcl>
        </ExportManifestProperty>
    </ExportManifestEntity>
    <ExportManifestEntity path="Breadboard BI Solution Areas/Customer 360/Online Marketing Module/Marketing Analysis Cubes/Keyword Phrase Length Bucket Analysis.xanalyzer">
        <ExportManifestProperty>
            <EntityMetaData name="Keyword Phrase Length Bucket Analysis.xanalyzer" createdDate="2015-11-11T13:46:34.816-05:00" isFolder="false" path="Breadboard BI Solution Areas/Customer 360/Online Marketing Module/Marketing Analysis Cubes/Keyword Phrase Length Bucket Analysis.xanalyzer" isHidden="false" locale="en_US" title="Keyword Phrase Length Bucket Analysis"/>
        </ExportManifestProperty>
        <ExportManifestProperty>
            <EntityAcl>
                <entriesInheriting>true</entriesInheriting>
                <owner>admin</owner>
                <ownerType>USER</ownerType>
            </EntityAcl>
        </ExportManifestProperty>
    </ExportManifestEntity>
    <ExportManifestEntity path="Breadboard BI Solution Areas/Customer 360/Online Marketing Module/Marketing Analysis Cubes/Keyword Phrase Matching Analysis.xanalyzer">
        <ExportManifestProperty>
            <EntityMetaData name="Keyword Phrase Matching Analysis.xanalyzer" createdDate="2015-11-11T13:48:02.554-05:00" isFolder="false" path="Breadboard BI Solution Areas/Customer 360/Online Marketing Module/Marketing Analysis Cubes/Keyword Phrase Matching Analysis.xanalyzer" isHidden="false" locale="en_US" title="Keyword Phrase Matching Analysis"/>
        </ExportManifestProperty>
        <ExportManifestProperty>
            <EntityAcl>
                <entriesInheriting>true</entriesInheriting>
                <owner>admin</owner>
                <ownerType>USER</ownerType>
            </EntityAcl>
        </ExportManifestProperty>
    </ExportManifestEntity>
    <ExportManifestEntity path="Breadboard BI Solution Areas/Customer 360/Online Marketing Module/Marketing Analysis Cubes/Keyword Phrase Max CPC Bucket Analysis.xanalyzer">
        <ExportManifestProperty>
            <EntityMetaData name="Keyword Phrase Max CPC Bucket Analysis.xanalyzer" createdDate="2015-11-11T13:49:00.472-05:00" isFolder="false" path="Breadboard BI Solution Areas/Customer 360/Online Marketing Module/Marketing Analysis Cubes/Keyword Phrase Max CPC Bucket Analysis.xanalyzer" isHidden="false" locale="en_US" title="Keyword Phrase Max CPC Bucket Analysis"/>
        </ExportManifestProperty>
        <ExportManifestProperty>
            <EntityAcl>
                <entriesInheriting>true</entriesInheriting>
                <owner>admin</owner>
                <ownerType>USER</ownerType>
            </EntityAcl>
        </ExportManifestProperty>
    </ExportManifestEntity>
    <ExportManifestEntity path="Breadboard BI Solution Areas/Customer 360/Online Marketing Module/Marketing Analysis Cubes/Keyword Phrase Promotion Analysis.xanalyzer">
        <ExportManifestProperty>
            <EntityMetaData name="Keyword Phrase Promotion Analysis.xanalyzer" createdDate="2015-11-11T13:50:14.093-05:00" isFolder="false" path="Breadboard BI Solution Areas/Customer 360/Online Marketing Module/Marketing Analysis Cubes/Keyword Phrase Promotion Analysis.xanalyzer" isHidden="false" locale="en_US" title="Keyword Phrase Promotion Analysis"/>
        </ExportManifestProperty>
        <ExportManifestProperty>
            <EntityAcl>
                <entriesInheriting>true</entriesInheriting>
                <owner>admin</owner>
                <ownerType>USER</ownerType>
            </EntityAcl>
        </ExportManifestProperty>
    </ExportManifestEntity>
    <ExportManifestEntity path="Breadboard BI Solution Areas/Customer 360/Online Marketing Module/Marketing Analysis Cubes/Keyword Phrase Time Analysis.xanalyzer">
        <ExportManifestProperty>
            <EntityMetaData name="Keyword Phrase Time Analysis.xanalyzer" createdDate="2015-11-11T13:53:02.286-05:00" isFolder="false" path="Breadboard BI Solution Areas/Customer 360/Online Marketing Module/Marketing Analysis Cubes/Keyword Phrase Time Analysis.xanalyzer" isHidden="false" locale="en_US" title="Keyword Phrase Time Analysis"/>
        </ExportManifestProperty>
        <ExportManifestProperty>
            <EntityAcl>
                <entriesInheriting>true</entriesInheriting>
                <owner>admin</owner>
                <ownerType>USER</ownerType>
            </EntityAcl>
        </ExportManifestProperty>
    </ExportManifestEntity>
    <ExportManifestEntity path="Breadboard BI Solution Areas/Customer 360/Online Marketing Module/Marketing Analysis Cubes/Keyword Phrase Token Quantity Analysis.xanalyzer">
        <ExportManifestProperty>
            <EntityMetaData name="Keyword Phrase Token Quantity Analysis.xanalyzer" createdDate="2015-11-11T14:08:35.493-05:00" isFolder="false" path="Breadboard BI Solution Areas/Customer 360/Online Marketing Module/Marketing Analysis Cubes/Keyword Phrase Token Quantity Analysis.xanalyzer" isHidden="false" locale="en_US" title="Keyword Phrase Token Quantity Analysis"/>
        </ExportManifestProperty>
        <ExportManifestProperty>
            <EntityAcl>
                <entriesInheriting>true</entriesInheriting>
                <owner>admin</owner>
                <ownerType>USER</ownerType>
            </EntityAcl>
        </ExportManifestProperty>
    </ExportManifestEntity>
    <ExportManifestEntity path="Breadboard BI Solution Areas/Customer 360/Returns Module">
        <ExportManifestProperty>
            <EntityMetaData name="Returns Module" createdDate="2015-11-11T14:17:50.851-05:00" isFolder="true" path="Breadboard BI Solution Areas/Customer 360/Returns Module" isHidden="false" locale="en_US" title="Returns Module"/>
        </ExportManifestProperty>
        <ExportManifestProperty>
            <EntityAcl>
                <entriesInheriting>true</entriesInheriting>
                <owner>admin</owner>
                <ownerType>USER</ownerType>
            </EntityAcl>
        </ExportManifestProperty>
    </ExportManifestEntity>
    <ExportManifestEntity path="Breadboard BI Solution Areas/Customer 360/Returns Module/Returns Analysis Cubes">
        <ExportManifestProperty>
            <EntityMetaData name="Returns Analysis Cubes" createdDate="2015-11-11T14:18:22.218-05:00" isFolder="true" path="Breadboard BI Solution Areas/Customer 360/Returns Module/Returns Analysis Cubes" isHidden="false" locale="en_US" title="Returns Analysis Cubes"/>
        </ExportManifestProperty>
        <ExportManifestProperty>
            <EntityAcl>
                <entriesInheriting>true</entriesInheriting>
                <owner>admin</owner>
                <ownerType>USER</ownerType>
            </EntityAcl>
        </ExportManifestProperty>
    </ExportManifestEntity>
    <ExportManifestEntity path="Breadboard BI Solution Areas/Customer 360/Returns Module/Returns Analysis Cubes/Returns Customer Analysis.xanalyzer">
        <ExportManifestProperty>
            <EntityMetaData name="Returns Customer Analysis.xanalyzer" createdDate="2015-11-11T14:20:00.211-05:00" isFolder="false" path="Breadboard BI Solution Areas/Customer 360/Returns Module/Returns Analysis Cubes/Returns Customer Analysis.xanalyzer" isHidden="false" locale="en_US" title="Returns Customer Analysis"/>
        </ExportManifestProperty>
        <ExportManifestProperty>
            <EntityAcl>
                <entriesInheriting>true</entriesInheriting>
                <owner>admin</owner>
                <ownerType>USER</ownerType>
            </EntityAcl>
        </ExportManifestProperty>
    </ExportManifestEntity>
    <ExportManifestEntity path="Breadboard BI Solution Areas/Customer 360/Returns Module/Returns Analysis Cubes/Returns Product Analysis.xanalyzer">
        <ExportManifestProperty>
            <EntityMetaData name="Returns Product Analysis.xanalyzer" createdDate="2015-11-11T14:22:44.669-05:00" isFolder="false" path="Breadboard BI Solution Areas/Customer 360/Returns Module/Returns Analysis Cubes/Returns Product Analysis.xanalyzer" isHidden="false" locale="en_US" title="Returns Product Analysis"/>
        </ExportManifestProperty>
        <ExportManifestProperty>
            <EntityAcl>
                <entriesInheriting>true</entriesInheriting>
                <owner>admin</owner>
                <ownerType>USER</ownerType>
            </EntityAcl>
        </ExportManifestProperty>
    </ExportManifestEntity>
    <ExportManifestEntity path="Breadboard BI Solution Areas/Customer 360/Returns Module/Returns Analysis Cubes/Returns Reason Analysis.xanalyzer">
        <ExportManifestProperty>
            <EntityMetaData name="Returns Reason Analysis.xanalyzer" createdDate="2015-11-11T14:24:30.563-05:00" isFolder="false" path="Breadboard BI Solution Areas/Customer 360/Returns Module/Returns Analysis Cubes/Returns Reason Analysis.xanalyzer" isHidden="false" locale="en_US" title="Returns Reason Analysis"/>
        </ExportManifestProperty>
        <ExportManifestProperty>
            <EntityAcl>
                <entriesInheriting>true</entriesInheriting>
                <owner>admin</owner>
                <ownerType>USER</ownerType>
            </EntityAcl>
        </ExportManifestProperty>
    </ExportManifestEntity>
    <ExportManifestEntity path="Breadboard BI Solution Areas/Customer 360/Returns Module/Returns Analysis Cubes/Returns Supplier Analysis.xanalyzer">
        <ExportManifestProperty>
            <EntityMetaData name="Returns Supplier Analysis.xanalyzer" createdDate="2015-11-11T14:26:03.172-05:00" isFolder="false" path="Breadboard BI Solution Areas/Customer 360/Returns Module/Returns Analysis Cubes/Returns Supplier Analysis.xanalyzer" isHidden="false" locale="en_US" title="Returns Supplier Analysis"/>
        </ExportManifestProperty>
        <ExportManifestProperty>
            <EntityAcl>
                <entriesInheriting>true</entriesInheriting>
                <owner>admin</owner>
                <ownerType>USER</ownerType>
            </EntityAcl>
        </ExportManifestProperty>
    </ExportManifestEntity>
    <ExportManifestEntity path="Breadboard BI Solution Areas/Customer 360/Returns Module/Returns Analysis Cubes/Returns Supplier Product Analysis.xanalyzer">
        <ExportManifestProperty>
            <EntityMetaData name="Returns Supplier Product Analysis.xanalyzer" createdDate="2015-11-11T14:27:07.667-05:00" isFolder="false" path="Breadboard BI Solution Areas/Customer 360/Returns Module/Returns Analysis Cubes/Returns Supplier Product Analysis.xanalyzer" isHidden="false" locale="en_US" title="Returns Supplier Product Analysis"/>
        </ExportManifestProperty>
        <ExportManifestProperty>
            <EntityAcl>
                <entriesInheriting>true</entriesInheriting>
                <owner>admin</owner>
                <ownerType>USER</ownerType>
            </EntityAcl>
        </ExportManifestProperty>
    </ExportManifestEntity>
    <ExportManifestEntity path="Breadboard BI Solution Areas/Customer 360/Returns Module/Returns Analysis Cubes/Returns Time Analysis.xanalyzer">
        <ExportManifestProperty>
            <EntityMetaData name="Returns Time Analysis.xanalyzer" createdDate="2015-11-11T14:31:49.129-05:00" isFolder="false" path="Breadboard BI Solution Areas/Customer 360/Returns Module/Returns Analysis Cubes/Returns Time Analysis.xanalyzer" isHidden="false" locale="en_US" title="Returns Time Analysis"/>
        </ExportManifestProperty>
        <ExportManifestProperty>
            <EntityAcl>
                <entriesInheriting>true</entriesInheriting>
                <owner>admin</owner>
                <ownerType>USER</ownerType>
            </EntityAcl>
        </ExportManifestProperty>
    </ExportManifestEntity>
    <ExportManifestEntity path="Breadboard BI Solution Areas/Customer 360/Returns Module/Returns Analysis Cubes/Returns Type Analysis.xanalyzer">
        <ExportManifestProperty>
            <EntityMetaData name="Returns Type Analysis.xanalyzer" createdDate="2015-11-11T14:34:18.315-05:00" isFolder="false" path="Breadboard BI Solution Areas/Customer 360/Returns Module/Returns Analysis Cubes/Returns Type Analysis.xanalyzer" isHidden="false" locale="en_US" title="Returns Type Analysis"/>
        </ExportManifestProperty>
        <ExportManifestProperty>
            <EntityAcl>
                <entriesInheriting>true</entriesInheriting>
                <owner>admin</owner>
                <ownerType>USER</ownerType>
            </EntityAcl>
        </ExportManifestProperty>
    </ExportManifestEntity>
    <ExportManifestEntity path="Breadboard BI Solution Areas/Customer 360/Sales Lead Module">
        <ExportManifestProperty>
            <EntityMetaData name="Sales Lead Module" createdDate="2015-11-11T14:45:40.465-05:00" isFolder="true" path="Breadboard BI Solution Areas/Customer 360/Sales Lead Module" isHidden="false" locale="en_US" title="Sales Lead Module"/>
        </ExportManifestProperty>
        <ExportManifestProperty>
            <EntityAcl>
                <entriesInheriting>true</entriesInheriting>
                <owner>admin</owner>
                <ownerType>USER</ownerType>
            </EntityAcl>
        </ExportManifestProperty>
    </ExportManifestEntity>
    <ExportManifestEntity path="Breadboard BI Solution Areas/Customer 360/Sales Lead Module/Sales Lead Analysis Cubes">
        <ExportManifestProperty>
            <EntityMetaData name="Sales Lead Analysis Cubes" createdDate="2015-11-11T14:45:58.296-05:00" isFolder="true" path="Breadboard BI Solution Areas/Customer 360/Sales Lead Module/Sales Lead Analysis Cubes" isHidden="false" locale="en_US" title="Sales Lead Analysis Cubes"/>
        </ExportManifestProperty>
        <ExportManifestProperty>
            <EntityAcl>
                <entriesInheriting>true</entriesInheriting>
                <owner>admin</owner>
                <ownerType>USER</ownerType>
            </EntityAcl>
        </ExportManifestProperty>
    </ExportManifestEntity>
    <ExportManifestEntity path="Breadboard BI Solution Areas/Customer 360/Sales Lead Module/Sales Lead Analysis Cubes/Sales Lead Business Unit Analysis.xanalyzer">
        <ExportManifestProperty>
            <EntityMetaData name="Sales Lead Business Unit Analysis.xanalyzer" createdDate="2015-11-11T14:57:55.916-05:00" isFolder="false" path="Breadboard BI Solution Areas/Customer 360/Sales Lead Module/Sales Lead Analysis Cubes/Sales Lead Business Unit Analysis.xanalyzer" isHidden="false" locale="en_US" title="Sales Lead Business Unit Analysis"/>
        </ExportManifestProperty>
        <ExportManifestProperty>
            <EntityAcl>
                <entriesInheriting>true</entriesInheriting>
                <owner>admin</owner>
                <ownerType>USER</ownerType>
            </EntityAcl>
        </ExportManifestProperty>
    </ExportManifestEntity>
    <ExportManifestEntity path="Breadboard BI Solution Areas/Customer 360/Sales Lead Module/Sales Lead Analysis Cubes/Sales Lead Channel Analysis.xanalyzer">
        <ExportManifestProperty>
            <EntityMetaData name="Sales Lead Channel Analysis.xanalyzer" createdDate="2015-11-11T14:59:31.425-05:00" isFolder="false" path="Breadboard BI Solution Areas/Customer 360/Sales Lead Module/Sales Lead Analysis Cubes/Sales Lead Channel Analysis.xanalyzer" isHidden="false" locale="en_US" title="Sales Lead Channel Analysis"/>
        </ExportManifestProperty>
        <ExportManifestProperty>
            <EntityAcl>
                <entriesInheriting>true</entriesInheriting>
                <owner>admin</owner>
                <ownerType>USER</ownerType>
            </EntityAcl>
        </ExportManifestProperty>
    </ExportManifestEntity>
    <ExportManifestEntity path="Breadboard BI Solution Areas/Customer 360/Sales Lead Module/Sales Lead Analysis Cubes/Sales Lead Customer Analysis.xanalyzer">
        <ExportManifestProperty>
            <EntityMetaData name="Sales Lead Customer Analysis.xanalyzer" createdDate="2015-11-11T15:04:02.517-05:00" isFolder="false" path="Breadboard BI Solution Areas/Customer 360/Sales Lead Module/Sales Lead Analysis Cubes/Sales Lead Customer Analysis.xanalyzer" isHidden="false" locale="en_US" title="Sales Lead Customer Analysis"/>
        </ExportManifestProperty>
        <ExportManifestProperty>
            <EntityAcl>
                <entriesInheriting>true</entriesInheriting>
                <owner>admin</owner>
                <ownerType>USER</ownerType>
            </EntityAcl>
        </ExportManifestProperty>
    </ExportManifestEntity>
    <ExportManifestEntity path="Breadboard BI Solution Areas/Customer 360/Sales Lead Module/Sales Lead Analysis Cubes/Sales Lead Customer Time Analysis.xanalyzer">
        <ExportManifestProperty>
            <EntityMetaData name="Sales Lead Customer Time Analysis.xanalyzer" createdDate="2015-11-11T15:06:08.230-05:00" isFolder="false" path="Breadboard BI Solution Areas/Customer 360/Sales Lead Module/Sales Lead Analysis Cubes/Sales Lead Customer Time Analysis.xanalyzer" isHidden="false" locale="en_US" title="Sales Lead Customer Time Analysis"/>
        </ExportManifestProperty>
        <ExportManifestProperty>
            <EntityAcl>
                <entriesInheriting>true</entriesInheriting>
                <owner>admin</owner>
                <ownerType>USER</ownerType>
            </EntityAcl>
        </ExportManifestProperty>
    </ExportManifestEntity>
    <ExportManifestEntity path="Breadboard BI Solution Areas/Customer 360/Sales Lead Module/Sales Lead Analysis Cubes/Sales Lead Product Analysis.xanalyzer">
        <ExportManifestProperty>
            <EntityMetaData name="Sales Lead Product Analysis.xanalyzer" createdDate="2015-11-11T14:52:19.712-05:00" isFolder="false" path="Breadboard BI Solution Areas/Customer 360/Sales Lead Module/Sales Lead Analysis Cubes/Sales Lead Product Analysis.xanalyzer" isHidden="false" locale="en_US" title="Sales Lead Product Analysis"/>
        </ExportManifestProperty>
        <ExportManifestProperty>
            <EntityAcl>
                <entriesInheriting>true</entriesInheriting>
                <owner>admin</owner>
                <ownerType>USER</ownerType>
            </EntityAcl>
        </ExportManifestProperty>
    </ExportManifestEntity>
    <ExportManifestEntity path="Breadboard BI Solution Areas/Customer 360/Sales Lead Module/Sales Lead Analysis Cubes/Sales Lead Product Brand Analysis.xanalyzer">
        <ExportManifestProperty>
            <EntityMetaData name="Sales Lead Product Brand Analysis.xanalyzer" createdDate="2015-11-11T15:07:25.108-05:00" isFolder="false" path="Breadboard BI Solution Areas/Customer 360/Sales Lead Module/Sales Lead Analysis Cubes/Sales Lead Product Brand Analysis.xanalyzer" isHidden="false" locale="en_US" title="Sales Lead Product Brand Analysis"/>
        </ExportManifestProperty>
        <ExportManifestProperty>
            <EntityAcl>
                <entriesInheriting>true</entriesInheriting>
                <owner>admin</owner>
                <ownerType>USER</ownerType>
            </EntityAcl>
        </ExportManifestProperty>
    </ExportManifestEntity>
    <ExportManifestEntity path="Breadboard BI Solution Areas/Customer 360/Sales Lead Module/Sales Lead Analysis Cubes/Sales Lead Promotion Analysis.xanalyzer">
        <ExportManifestProperty>
            <EntityMetaData name="Sales Lead Promotion Analysis.xanalyzer" createdDate="2015-11-11T15:08:08.540-05:00" isFolder="false" path="Breadboard BI Solution Areas/Customer 360/Sales Lead Module/Sales Lead Analysis Cubes/Sales Lead Promotion Analysis.xanalyzer" isHidden="false" locale="en_US" title="Sales Lead Promotion Analysis"/>
        </ExportManifestProperty>
        <ExportManifestProperty>
            <EntityAcl>
                <entriesInheriting>true</entriesInheriting>
                <owner>admin</owner>
                <ownerType>USER</ownerType>
            </EntityAcl>
        </ExportManifestProperty>
    </ExportManifestEntity>
    <ExportManifestEntity path="Breadboard BI Solution Areas/Customer 360/Sales Lead Module/Sales Lead Analysis Cubes/Sales Lead Sales Rep Analysis.xanalyzer">
        <ExportManifestProperty>
            <EntityMetaData name="Sales Lead Sales Rep Analysis.xanalyzer" createdDate="2015-11-11T15:14:38.604-05:00" isFolder="false" path="Breadboard BI Solution Areas/Customer 360/Sales Lead Module/Sales Lead Analysis Cubes/Sales Lead Sales Rep Analysis.xanalyzer" isHidden="false" locale="en_US" title="Sales Lead Sales Rep Analysis"/>
        </ExportManifestProperty>
        <ExportManifestProperty>
            <EntityAcl>
                <entriesInheriting>true</entriesInheriting>
                <owner>admin</owner>
                <ownerType>USER</ownerType>
            </EntityAcl>
        </ExportManifestProperty>
    </ExportManifestEntity>
    <ExportManifestEntity path="Breadboard BI Solution Areas/Customer 360/Sales Lead Module/Sales Lead Analysis Cubes/Sales Lead Status Time Analysis.xanalyzer">
        <ExportManifestProperty>
            <EntityMetaData name="Sales Lead Status Time Analysis.xanalyzer" createdDate="2015-11-11T15:10:03.938-05:00" isFolder="false" path="Breadboard BI Solution Areas/Customer 360/Sales Lead Module/Sales Lead Analysis Cubes/Sales Lead Status Time Analysis.xanalyzer" isHidden="false" locale="en_US" title="Sales Lead Status Time Analysis"/>
        </ExportManifestProperty>
        <ExportManifestProperty>
            <EntityAcl>
                <entriesInheriting>true</entriesInheriting>
                <owner>admin</owner>
                <ownerType>USER</ownerType>
            </EntityAcl>
        </ExportManifestProperty>
    </ExportManifestEntity>
    <ExportManifestEntity path="Breadboard BI Solution Areas/Customer 360/Sales Lead Module/Sales Lead Analysis Cubes/Sales Lead Time Analysis.xanalyzer">
        <ExportManifestProperty>
            <EntityMetaData name="Sales Lead Time Analysis.xanalyzer" createdDate="2015-11-11T15:13:17.003-05:00" isFolder="false" path="Breadboard BI Solution Areas/Customer 360/Sales Lead Module/Sales Lead Analysis Cubes/Sales Lead Time Analysis.xanalyzer" isHidden="false" locale="en_US" title="Sales Lead Time Analysis"/>
        </ExportManifestProperty>
        <ExportManifestProperty>
            <EntityAcl>
                <entriesInheriting>true</entriesInheriting>
                <owner>admin</owner>
                <ownerType>USER</ownerType>
            </EntityAcl>
        </ExportManifestProperty>
    </ExportManifestEntity>
    <ExportManifestEntity path="Breadboard BI Solution Areas/Customer 360/Sales Lead Module/Sales Lead Analysis Cubes/Sales Lead Type Analysis.xanalyzer">
        <ExportManifestProperty>
            <EntityMetaData name="Sales Lead Type Analysis.xanalyzer" createdDate="2015-11-11T15:14:04.061-05:00" isFolder="false" path="Breadboard BI Solution Areas/Customer 360/Sales Lead Module/Sales Lead Analysis Cubes/Sales Lead Type Analysis.xanalyzer" isHidden="false" locale="en_US" title="Sales Lead Type Analysis"/>
        </ExportManifestProperty>
        <ExportManifestProperty>
            <EntityAcl>
                <entriesInheriting>true</entriesInheriting>
                <owner>admin</owner>
                <ownerType>USER</ownerType>
            </EntityAcl>
        </ExportManifestProperty>
    </ExportManifestEntity>
    <ExportManifestEntity path="Breadboard BI Solution Areas/Customer 360/Sales Opportunity Module">
        <ExportManifestProperty>
            <EntityMetaData name="Sales Opportunity Module" createdDate="2015-11-11T15:16:45.147-05:00" isFolder="true" path="Breadboard BI Solution Areas/Customer 360/Sales Opportunity Module" isHidden="false" locale="en_US" title="Sales Opportunity Module"/>
        </ExportManifestProperty>
        <ExportManifestProperty>
            <EntityAcl>
                <entriesInheriting>true</entriesInheriting>
                <owner>admin</owner>
                <ownerType>USER</ownerType>
            </EntityAcl>
        </ExportManifestProperty>
    </ExportManifestEntity>
    <ExportManifestEntity path="Breadboard BI Solution Areas/Customer 360/Sales Opportunity Module/Sales Opportunity Analysis Cubes">
        <ExportManifestProperty>
            <EntityMetaData name="Sales Opportunity Analysis Cubes" createdDate="2015-11-11T15:19:50.842-05:00" isFolder="true" path="Breadboard BI Solution Areas/Customer 360/Sales Opportunity Module/Sales Opportunity Analysis Cubes" isHidden="false" locale="en_US" title="Sales Opportunity Analysis Cubes"/>
        </ExportManifestProperty>
        <ExportManifestProperty>
            <EntityAcl>
                <entriesInheriting>true</entriesInheriting>
                <owner>admin</owner>
                <ownerType>USER</ownerType>
            </EntityAcl>
        </ExportManifestProperty>
    </ExportManifestEntity>
    <ExportManifestEntity path="Breadboard BI Solution Areas/Customer 360/Sales Opportunity Module/Sales Opportunity Analysis Cubes/Sales Opportunity Business Unit Analysis.xanalyzer">
        <ExportManifestProperty>
            <EntityMetaData name="Sales Opportunity Business Unit Analysis.xanalyzer" createdDate="2015-11-11T15:28:09.792-05:00" isFolder="false" path="Breadboard BI Solution Areas/Customer 360/Sales Opportunity Module/Sales Opportunity Analysis Cubes/Sales Opportunity Business Unit Analysis.xanalyzer" isHidden="false" locale="en_US" title="Sales Opportunity Business Unit Analysis"/>
        </ExportManifestProperty>
        <ExportManifestProperty>
            <EntityAcl>
                <entriesInheriting>true</entriesInheriting>
                <owner>admin</owner>
                <ownerType>USER</ownerType>
            </EntityAcl>
        </ExportManifestProperty>
    </ExportManifestEntity>
    <ExportManifestEntity path="Breadboard BI Solution Areas/Customer 360/Sales Opportunity Module/Sales Opportunity Analysis Cubes/Sales Opportunity Customer Analysis.xanalyzer">
        <ExportManifestProperty>
            <EntityMetaData name="Sales Opportunity Customer Analysis.xanalyzer" createdDate="2015-11-11T15:29:29.729-05:00" isFolder="false" path="Breadboard BI Solution Areas/Customer 360/Sales Opportunity Module/Sales Opportunity Analysis Cubes/Sales Opportunity Customer Analysis.xanalyzer" isHidden="false" locale="en_US" title="Sales Opportunity Customer Analysis"/>
        </ExportManifestProperty>
        <ExportManifestProperty>
            <EntityAcl>
                <entriesInheriting>true</entriesInheriting>
                <owner>admin</owner>
                <ownerType>USER</ownerType>
            </EntityAcl>
        </ExportManifestProperty>
    </ExportManifestEntity>
    <ExportManifestEntity path="Breadboard BI Solution Areas/Customer 360/Sales Opportunity Module/Sales Opportunity Analysis Cubes/Sales Opportunity Customer TIme Analysis.xanalyzer">
        <ExportManifestProperty>
            <EntityMetaData name="Sales Opportunity Customer TIme Analysis.xanalyzer" createdDate="2015-11-11T15:31:17.300-05:00" isFolder="false" path="Breadboard BI Solution Areas/Customer 360/Sales Opportunity Module/Sales Opportunity Analysis Cubes/Sales Opportunity Customer TIme Analysis.xanalyzer" isHidden="false" locale="en_US" title="Sales Opportunity Customer TIme Analysis"/>
        </ExportManifestProperty>
        <ExportManifestProperty>
            <EntityAcl>
                <entriesInheriting>true</entriesInheriting>
                <owner>admin</owner>
                <ownerType>USER</ownerType>
            </EntityAcl>
        </ExportManifestProperty>
    </ExportManifestEntity>
    <ExportManifestEntity path="Breadboard BI Solution Areas/Customer 360/Sales Opportunity Module/Sales Opportunity Analysis Cubes/Sales Opportunity Product Analysis.xanalyzer">
        <ExportManifestProperty>
            <EntityMetaData name="Sales Opportunity Product Analysis.xanalyzer" createdDate="2015-11-11T15:33:21.563-05:00" isFolder="false" path="Breadboard BI Solution Areas/Customer 360/Sales Opportunity Module/Sales Opportunity Analysis Cubes/Sales Opportunity Product Analysis.xanalyzer" isHidden="false" locale="en_US" title="Sales Opportunity Product Analysis"/>
        </ExportManifestProperty>
        <ExportManifestProperty>
            <EntityAcl>
                <entriesInheriting>true</entriesInheriting>
                <owner>admin</owner>
                <ownerType>USER</ownerType>
            </EntityAcl>
        </ExportManifestProperty>
    </ExportManifestEntity>
    <ExportManifestEntity path="Breadboard BI Solution Areas/Customer 360/Sales Opportunity Module/Sales Opportunity Analysis Cubes/Sales Opportunity Product Brand Analysis.xanalyzer">
        <ExportManifestProperty>
            <EntityMetaData name="Sales Opportunity Product Brand Analysis.xanalyzer" createdDate="2015-11-12T12:18:44.824-05:00" isFolder="false" path="Breadboard BI Solution Areas/Customer 360/Sales Opportunity Module/Sales Opportunity Analysis Cubes/Sales Opportunity Product Brand Analysis.xanalyzer" isHidden="false" locale="en_US" title="Sales Opportunity Product Brand Analysis"/>
        </ExportManifestProperty>
        <ExportManifestProperty>
            <EntityAcl>
                <entriesInheriting>true</entriesInheriting>
                <owner>admin</owner>
                <ownerType>USER</ownerType>
            </EntityAcl>
        </ExportManifestProperty>
    </ExportManifestEntity>
    <ExportManifestEntity path="Breadboard BI Solution Areas/Customer 360/Sales Opportunity Module/Sales Opportunity Analysis Cubes/Sales Opportunity Promotion Analysis.xanalyzer">
        <ExportManifestProperty>
            <EntityMetaData name="Sales Opportunity Promotion Analysis.xanalyzer" createdDate="2015-11-12T12:19:50.843-05:00" isFolder="false" path="Breadboard BI Solution Areas/Customer 360/Sales Opportunity Module/Sales Opportunity Analysis Cubes/Sales Opportunity Promotion Analysis.xanalyzer" isHidden="false" locale="en_US" title="Sales Opportunity Promotion Analysis"/>
        </ExportManifestProperty>
        <ExportManifestProperty>
            <EntityAcl>
                <entriesInheriting>true</entriesInheriting>
                <owner>admin</owner>
                <ownerType>USER</ownerType>
            </EntityAcl>
        </ExportManifestProperty>
    </ExportManifestEntity>
    <ExportManifestEntity path="Breadboard BI Solution Areas/Customer 360/Sales Opportunity Module/Sales Opportunity Analysis Cubes/Sales Opportunity Sales Rep Analysis.xanalyzer">
        <ExportManifestProperty>
            <EntityMetaData name="Sales Opportunity Sales Rep Analysis.xanalyzer" createdDate="2015-11-12T12:21:41.321-05:00" isFolder="false" path="Breadboard BI Solution Areas/Customer 360/Sales Opportunity Module/Sales Opportunity Analysis Cubes/Sales Opportunity Sales Rep Analysis.xanalyzer" isHidden="false" locale="en_US" title="Sales Opportunity Sales Rep Analysis"/>
        </ExportManifestProperty>
        <ExportManifestProperty>
            <EntityAcl>
                <entriesInheriting>true</entriesInheriting>
                <owner>admin</owner>
                <ownerType>USER</ownerType>
            </EntityAcl>
        </ExportManifestProperty>
    </ExportManifestEntity>
    <ExportManifestEntity path="Breadboard BI Solution Areas/Customer 360/Sales Opportunity Module/Sales Opportunity Analysis Cubes/Sales Opportunity Time Analysis.xanalyzer">
        <ExportManifestProperty>
            <EntityMetaData name="Sales Opportunity Time Analysis.xanalyzer" createdDate="2015-11-12T12:20:53.485-05:00" isFolder="false" path="Breadboard BI Solution Areas/Customer 360/Sales Opportunity Module/Sales Opportunity Analysis Cubes/Sales Opportunity Time Analysis.xanalyzer" isHidden="false" locale="en_US" title="Sales Opportunity Time Analysis"/>
        </ExportManifestProperty>
        <ExportManifestProperty>
            <EntityAcl>
                <entriesInheriting>true</entriesInheriting>
                <owner>admin</owner>
                <ownerType>USER</ownerType>
            </EntityAcl>
        </ExportManifestProperty>
    </ExportManifestEntity>
    <ExportManifestEntity path="Breadboard BI Solution Areas/Customer 360/Sales Order Module">
        <ExportManifestProperty>
            <EntityMetaData name="Sales Order Module" createdDate="2015-11-12T12:23:42.129-05:00" isFolder="true" path="Breadboard BI Solution Areas/Customer 360/Sales Order Module" isHidden="false" locale="en_US" title="Sales Order Module"/>
        </ExportManifestProperty>
        <ExportManifestProperty>
            <EntityAcl>
                <entriesInheriting>true</entriesInheriting>
                <owner>admin</owner>
                <ownerType>USER</ownerType>
            </EntityAcl>
        </ExportManifestProperty>
    </ExportManifestEntity>
    <ExportManifestEntity path="Breadboard BI Solution Areas/Customer 360/Sales Order Module/Sales Orders Analysis Cubes">
        <ExportManifestProperty>
            <EntityMetaData name="Sales Orders Analysis Cubes" createdDate="2015-11-12T12:24:15.634-05:00" isFolder="true" path="Breadboard BI Solution Areas/Customer 360/Sales Order Module/Sales Orders Analysis Cubes" isHidden="false" locale="en_US" title="Sales Orders Analysis Cubes"/>
        </ExportManifestProperty>
        <ExportManifestProperty>
            <EntityAcl>
                <entriesInheriting>true</entriesInheriting>
                <owner>admin</owner>
                <ownerType>USER</ownerType>
            </EntityAcl>
        </ExportManifestProperty>
    </ExportManifestEntity>
    <ExportManifestEntity path="Breadboard BI Solution Areas/Customer 360/Sales Order Module/Sales Orders Analysis Cubes/Sales Business Unit Analysis.xanalyzer">
        <ExportManifestProperty>
            <EntityMetaData name="Sales Business Unit Analysis.xanalyzer" createdDate="2015-11-12T13:33:03.006-05:00" isFolder="false" path="Breadboard BI Solution Areas/Customer 360/Sales Order Module/Sales Orders Analysis Cubes/Sales Business Unit Analysis.xanalyzer" isHidden="false" locale="en_US" title="Sales Business Unit Analysis"/>
        </ExportManifestProperty>
        <ExportManifestProperty>
            <EntityAcl>
                <entriesInheriting>true</entriesInheriting>
                <owner>admin</owner>
                <ownerType>USER</ownerType>
            </EntityAcl>
        </ExportManifestProperty>
    </ExportManifestEntity>
    <ExportManifestEntity path="Breadboard BI Solution Areas/Customer 360/Sales Order Module/Sales Orders Analysis Cubes/Sales Customer Analysis.xanalyzer">
        <ExportManifestProperty>
            <EntityMetaData name="Sales Customer Analysis.xanalyzer" createdDate="2015-11-12T13:40:31.810-05:00" isFolder="false" path="Breadboard BI Solution Areas/Customer 360/Sales Order Module/Sales Orders Analysis Cubes/Sales Customer Analysis.xanalyzer" isHidden="false" locale="en_US" title="Sales Customer Analysis"/>
        </ExportManifestProperty>
        <ExportManifestProperty>
            <EntityAcl>
                <entriesInheriting>true</entriesInheriting>
                <owner>admin</owner>
                <ownerType>USER</ownerType>
            </EntityAcl>
        </ExportManifestProperty>
    </ExportManifestEntity>
    <ExportManifestEntity path="Breadboard BI Solution Areas/Customer 360/Sales Order Module/Sales Orders Analysis Cubes/Sales Customer Country Time Analysis.xanalyzer">
        <ExportManifestProperty>
            <EntityMetaData name="Sales Customer Country Time Analysis.xanalyzer" createdDate="2015-11-12T13:43:39.531-05:00" isFolder="false" path="Breadboard BI Solution Areas/Customer 360/Sales Order Module/Sales Orders Analysis Cubes/Sales Customer Country Time Analysis.xanalyzer" isHidden="false" locale="en_US" title="Sales Customer Country Time Analysis"/>
        </ExportManifestProperty>
        <ExportManifestProperty>
            <EntityAcl>
                <entriesInheriting>true</entriesInheriting>
                <owner>admin</owner>
                <ownerType>USER</ownerType>
            </EntityAcl>
        </ExportManifestProperty>
    </ExportManifestEntity>
    <ExportManifestEntity path="Breadboard BI Solution Areas/Customer 360/Sales Order Module/Sales Orders Analysis Cubes/Sales Customer Credit Status Analysis.xanalyzer">
        <ExportManifestProperty>
            <EntityMetaData name="Sales Customer Credit Status Analysis.xanalyzer" createdDate="2015-11-12T13:45:12.379-05:00" isFolder="false" path="Breadboard BI Solution Areas/Customer 360/Sales Order Module/Sales Orders Analysis Cubes/Sales Customer Credit Status Analysis.xanalyzer" isHidden="false" locale="en_US" title="Sales Customer Credit Status Analysis"/>
        </ExportManifestProperty>
        <ExportManifestProperty>
            <EntityAcl>
                <entriesInheriting>true</entriesInheriting>
                <owner>admin</owner>
                <ownerType>USER</ownerType>
            </EntityAcl>
        </ExportManifestProperty>
    </ExportManifestEntity>
    <ExportManifestEntity path="Breadboard BI Solution Areas/Customer 360/Sales Order Module/Sales Orders Analysis Cubes/Sales Customer Time Analysis.xanalyzer">
        <ExportManifestProperty>
            <EntityMetaData name="Sales Customer Time Analysis.xanalyzer" createdDate="2015-11-12T13:46:09.620-05:00" isFolder="false" path="Breadboard BI Solution Areas/Customer 360/Sales Order Module/Sales Orders Analysis Cubes/Sales Customer Time Analysis.xanalyzer" isHidden="false" locale="en_US" title="Sales Customer Time Analysis"/>
        </ExportManifestProperty>
        <ExportManifestProperty>
            <EntityAcl>
                <entriesInheriting>true</entriesInheriting>
                <owner>admin</owner>
                <ownerType>USER</ownerType>
            </EntityAcl>
        </ExportManifestProperty>
    </ExportManifestEntity>
    <ExportManifestEntity path="Breadboard BI Solution Areas/Customer 360/Sales Order Module/Sales Orders Analysis Cubes/Sales Customer Type Analysis.xanalyzer">
        <ExportManifestProperty>
            <EntityMetaData name="Sales Customer Type Analysis.xanalyzer" createdDate="2015-11-12T13:57:54.477-05:00" isFolder="false" path="Breadboard BI Solution Areas/Customer 360/Sales Order Module/Sales Orders Analysis Cubes/Sales Customer Type Analysis.xanalyzer" isHidden="false" locale="en_US" title="Sales Customer Type Analysis"/>
        </ExportManifestProperty>
        <ExportManifestProperty>
            <EntityAcl>
                <entriesInheriting>true</entriesInheriting>
                <owner>admin</owner>
                <ownerType>USER</ownerType>
            </EntityAcl>
        </ExportManifestProperty>
    </ExportManifestEntity>
    <ExportManifestEntity path="Breadboard BI Solution Areas/Customer 360/Sales Order Module/Sales Orders Analysis Cubes/Sales Marketing Channel Analysis.xanalyzer">
        <ExportManifestProperty>
            <EntityMetaData name="Sales Marketing Channel Analysis.xanalyzer" createdDate="2015-11-12T14:01:15.302-05:00" isFolder="false" path="Breadboard BI Solution Areas/Customer 360/Sales Order Module/Sales Orders Analysis Cubes/Sales Marketing Channel Analysis.xanalyzer" isHidden="false" locale="en_US" title="Sales Marketing Channel Analysis"/>
        </ExportManifestProperty>
        <ExportManifestProperty>
            <EntityAcl>
                <entriesInheriting>true</entriesInheriting>
                <owner>admin</owner>
                <ownerType>USER</ownerType>
            </EntityAcl>
        </ExportManifestProperty>
    </ExportManifestEntity>
    <ExportManifestEntity path="Breadboard BI Solution Areas/Customer 360/Sales Order Module/Sales Orders Analysis Cubes/Sales Product Analysis.xanalyzer">
        <ExportManifestProperty>
            <EntityMetaData name="Sales Product Analysis.xanalyzer" createdDate="2015-11-15T19:36:29.782-05:00" isFolder="false" path="Breadboard BI Solution Areas/Customer 360/Sales Order Module/Sales Orders Analysis Cubes/Sales Product Analysis.xanalyzer" isHidden="false" locale="en_US" title="Sales Product Analysis"/>
        </ExportManifestProperty>
        <ExportManifestProperty>
            <EntityAcl>
                <entriesInheriting>true</entriesInheriting>
                <owner>admin</owner>
                <ownerType>USER</ownerType>
            </EntityAcl>
        </ExportManifestProperty>
    </ExportManifestEntity>
    <ExportManifestEntity path="Breadboard BI Solution Areas/Customer 360/Sales Order Module/Sales Orders Analysis Cubes/Sales Product Brand Analysis.xanalyzer">
        <ExportManifestProperty>
            <EntityMetaData name="Sales Product Brand Analysis.xanalyzer" createdDate="2015-11-15T19:38:22.891-05:00" isFolder="false" path="Breadboard BI Solution Areas/Customer 360/Sales Order Module/Sales Orders Analysis Cubes/Sales Product Brand Analysis.xanalyzer" isHidden="false" locale="en_US" title="Sales Product Brand Analysis"/>
        </ExportManifestProperty>
        <ExportManifestProperty>
            <EntityAcl>
                <entriesInheriting>true</entriesInheriting>
                <owner>admin</owner>
                <ownerType>USER</ownerType>
            </EntityAcl>
        </ExportManifestProperty>
    </ExportManifestEntity>
    <ExportManifestEntity path="Breadboard BI Solution Areas/Customer 360/Sales Order Module/Sales Orders Analysis Cubes/Sales Product Category Analysis.xanalyzer">
        <ExportManifestProperty>
            <EntityMetaData name="Sales Product Category Analysis.xanalyzer" createdDate="2015-11-15T19:39:26.822-05:00" isFolder="false" path="Breadboard BI Solution Areas/Customer 360/Sales Order Module/Sales Orders Analysis Cubes/Sales Product Category Analysis.xanalyzer" isHidden="false" locale="en_US" title="Sales Product Category Analysis"/>
        </ExportManifestProperty>
        <ExportManifestProperty>
            <EntityAcl>
                <entriesInheriting>true</entriesInheriting>
                <owner>admin</owner>
                <ownerType>USER</ownerType>
            </EntityAcl>
        </ExportManifestProperty>
    </ExportManifestEntity>
    <ExportManifestEntity path="Breadboard BI Solution Areas/Customer 360/Sales Order Module/Sales Orders Analysis Cubes/Sales Product Discount Analysis.xanalyzer">
        <ExportManifestProperty>
            <EntityMetaData name="Sales Product Discount Analysis.xanalyzer" createdDate="2015-11-15T19:40:03.034-05:00" isFolder="false" path="Breadboard BI Solution Areas/Customer 360/Sales Order Module/Sales Orders Analysis Cubes/Sales Product Discount Analysis.xanalyzer" isHidden="false" locale="en_US" title="Sales Product Discount Analysis"/>
        </ExportManifestProperty>
        <ExportManifestProperty>
            <EntityAcl>
                <entriesInheriting>true</entriesInheriting>
                <owner>admin</owner>
                <ownerType>USER</ownerType>
            </EntityAcl>
        </ExportManifestProperty>
    </ExportManifestEntity>
    <ExportManifestEntity path="Breadboard BI Solution Areas/Customer 360/Sales Order Module/Sales Orders Analysis Cubes/Sales Promotion Analysis.xanalyzer">
        <ExportManifestProperty>
            <EntityMetaData name="Sales Promotion Analysis.xanalyzer" createdDate="2015-11-15T19:41:44.661-05:00" isFolder="false" path="Breadboard BI Solution Areas/Customer 360/Sales Order Module/Sales Orders Analysis Cubes/Sales Promotion Analysis.xanalyzer" isHidden="false" locale="en_US" title="Sales Promotion Analysis"/>
        </ExportManifestProperty>
        <ExportManifestProperty>
            <EntityAcl>
                <entriesInheriting>true</entriesInheriting>
                <owner>admin</owner>
                <ownerType>USER</ownerType>
            </EntityAcl>
        </ExportManifestProperty>
    </ExportManifestEntity>
    <ExportManifestEntity path="Breadboard BI Solution Areas/Customer 360/Sales Order Module/Sales Orders Analysis Cubes/Sales Sales Representative Analysis.xanalyzer">
        <ExportManifestProperty>
            <EntityMetaData name="Sales Sales Representative Analysis.xanalyzer" createdDate="2015-11-15T20:06:28.808-05:00" isFolder="false" path="Breadboard BI Solution Areas/Customer 360/Sales Order Module/Sales Orders Analysis Cubes/Sales Sales Representative Analysis.xanalyzer" isHidden="false" locale="en_US" title="Sales Sales Representative Analysis"/>
        </ExportManifestProperty>
        <ExportManifestProperty>
            <EntityAcl>
                <entriesInheriting>true</entriesInheriting>
                <owner>admin</owner>
                <ownerType>USER</ownerType>
            </EntityAcl>
        </ExportManifestProperty>
    </ExportManifestEntity>
    <ExportManifestEntity path="Breadboard BI Solution Areas/Customer 360/Sales Order Module/Sales Orders Analysis Cubes/Sales Time Analysis.xanalyzer">
        <ExportManifestProperty>
            <EntityMetaData name="Sales Time Analysis.xanalyzer" createdDate="2015-11-12T13:29:45.395-05:00" isFolder="false" path="Breadboard BI Solution Areas/Customer 360/Sales Order Module/Sales Orders Analysis Cubes/Sales Time Analysis.xanalyzer" isHidden="false" locale="en_US" title="Sales Time Analysis"/>
        </ExportManifestProperty>
        <ExportManifestProperty>
            <EntityAcl>
                <entriesInheriting>true</entriesInheriting>
                <owner>admin</owner>
                <ownerType>USER</ownerType>
            </EntityAcl>
        </ExportManifestProperty>
    </ExportManifestEntity>
    <ExportManifestEntity path="Breadboard BI Solution Areas/Customer 360/Sales Order Module/Sales Orders Analysis Cubes/Sales Time Margin Analysis.xanalyzer">
        <ExportManifestProperty>
            <EntityMetaData name="Sales Time Margin Analysis.xanalyzer" createdDate="2015-11-12T13:30:14.886-05:00" isFolder="false" path="Breadboard BI Solution Areas/Customer 360/Sales Order Module/Sales Orders Analysis Cubes/Sales Time Margin Analysis.xanalyzer" isHidden="false" locale="en_US" title="Sales Time Margin Analysis"/>
        </ExportManifestProperty>
        <ExportManifestProperty>
            <EntityAcl>
                <entriesInheriting>true</entriesInheriting>
                <owner>admin</owner>
                <ownerType>USER</ownerType>
            </EntityAcl>
        </ExportManifestProperty>
    </ExportManifestEntity>
    <ExportManifestEntity path="Breadboard BI Solution Areas/Finance">
        <ExportManifestProperty>
            <EntityMetaData name="Finance" createdDate="2015-11-10T09:39:44.636-05:00" isFolder="true" path="Breadboard BI Solution Areas/Finance" isHidden="false" locale="en_US" title="Finance"/>
        </ExportManifestProperty>
        <ExportManifestProperty>
            <EntityAcl>
                <entriesInheriting>true</entriesInheriting>
                <owner>admin</owner>
                <ownerType>USER</ownerType>
            </EntityAcl>
        </ExportManifestProperty>
    </ExportManifestEntity>
    <ExportManifestEntity path="Breadboard BI Solution Areas/Finance/Accounts Payable Module">
        <ExportManifestProperty>
            <EntityMetaData name="Accounts Payable Module" createdDate="2015-11-15T20:09:20.352-05:00" isFolder="true" path="Breadboard BI Solution Areas/Finance/Accounts Payable Module" isHidden="false" locale="en_US" title="Accounts Payable Module"/>
        </ExportManifestProperty>
        <ExportManifestProperty>
            <EntityAcl>
                <entriesInheriting>true</entriesInheriting>
                <owner>admin</owner>
                <ownerType>USER</ownerType>
            </EntityAcl>
        </ExportManifestProperty>
    </ExportManifestEntity>
    <ExportManifestEntity path="Breadboard BI Solution Areas/Finance/Accounts Payable Module/Accounts Payable Analysis Cubes">
        <ExportManifestProperty>
            <EntityMetaData name="Accounts Payable Analysis Cubes" createdDate="2015-11-15T20:09:51.552-05:00" isFolder="true" path="Breadboard BI Solution Areas/Finance/Accounts Payable Module/Accounts Payable Analysis Cubes" isHidden="false" locale="en_US" title="Accounts Payable Analysis Cubes"/>
        </ExportManifestProperty>
        <ExportManifestProperty>
            <EntityAcl>
                <entriesInheriting>true</entriesInheriting>
                <owner>admin</owner>
                <ownerType>USER</ownerType>
            </EntityAcl>
        </ExportManifestProperty>
    </ExportManifestEntity>
    <ExportManifestEntity path="Breadboard BI Solution Areas/Finance/Accounts Payable Module/Accounts Payable Analysis Cubes/Accounts Payable Account Analysis.xanalyzer">
        <ExportManifestProperty>
            <EntityMetaData name="Accounts Payable Account Analysis.xanalyzer" createdDate="2015-11-15T20:13:09.752-05:00" isFolder="false" path="Breadboard BI Solution Areas/Finance/Accounts Payable Module/Accounts Payable Analysis Cubes/Accounts Payable Account Analysis.xanalyzer" isHidden="false" locale="en_US" title="Accounts Payable Account Analysis"/>
        </ExportManifestProperty>
        <ExportManifestProperty>
            <EntityAcl>
                <entriesInheriting>true</entriesInheriting>
                <owner>admin</owner>
                <ownerType>USER</ownerType>
            </EntityAcl>
        </ExportManifestProperty>
    </ExportManifestEntity>
    <ExportManifestEntity path="Breadboard BI Solution Areas/Finance/Accounts Payable Module/Accounts Payable Analysis Cubes/Accounts Payable Account Time Analysis.xanalyzer">
        <ExportManifestProperty>
            <EntityMetaData name="Accounts Payable Account Time Analysis.xanalyzer" createdDate="2015-11-15T20:19:55.227-05:00" isFolder="false" path="Breadboard BI Solution Areas/Finance/Accounts Payable Module/Accounts Payable Analysis Cubes/Accounts Payable Account Time Analysis.xanalyzer" isHidden="false" locale="en_US" title="Accounts Payable Account Time Analysis"/>
        </ExportManifestProperty>
        <ExportManifestProperty>
            <EntityAcl>
                <entriesInheriting>true</entriesInheriting>
                <owner>admin</owner>
                <ownerType>USER</ownerType>
            </EntityAcl>
        </ExportManifestProperty>
    </ExportManifestEntity>
    <ExportManifestEntity path="Breadboard BI Solution Areas/Finance/Accounts Payable Module/Accounts Payable Analysis Cubes/Accounts Payable Account Time Trend Analysis.xanalyzer">
        <ExportManifestProperty>
            <EntityMetaData name="Accounts Payable Account Time Trend Analysis.xanalyzer" createdDate="2015-11-15T20:24:13.080-05:00" isFolder="false" path="Breadboard BI Solution Areas/Finance/Accounts Payable Module/Accounts Payable Analysis Cubes/Accounts Payable Account Time Trend Analysis.xanalyzer" isHidden="false" locale="en_US" title="Accounts Payable Account Time Trend Analysis"/>
        </ExportManifestProperty>
        <ExportManifestProperty>
            <EntityAcl>
                <entriesInheriting>true</entriesInheriting>
                <owner>admin</owner>
                <ownerType>USER</ownerType>
            </EntityAcl>
        </ExportManifestProperty>
    </ExportManifestEntity>
    <ExportManifestEntity path="Breadboard BI Solution Areas/Finance/Accounts Payable Module/Accounts Payable Analysis Cubes/Accounts Payable Department Analysis.xanalyzer">
        <ExportManifestProperty>
            <EntityMetaData name="Accounts Payable Department Analysis.xanalyzer" createdDate="2015-11-15T20:29:49.766-05:00" isFolder="false" path="Breadboard BI Solution Areas/Finance/Accounts Payable Module/Accounts Payable Analysis Cubes/Accounts Payable Department Analysis.xanalyzer" isHidden="false" locale="en_US" title="Accounts Payable Department Analysis"/>
        </ExportManifestProperty>
        <ExportManifestProperty>
            <EntityAcl>
                <entriesInheriting>true</entriesInheriting>
                <owner>admin</owner>
                <ownerType>USER</ownerType>
            </EntityAcl>
        </ExportManifestProperty>
    </ExportManifestEntity>
    <ExportManifestEntity path="Breadboard BI Solution Areas/Finance/Accounts Payable Module/Accounts Payable Analysis Cubes/Accounts Payable Employee Analysis.xanalyzer">
        <ExportManifestProperty>
            <EntityMetaData name="Accounts Payable Employee Analysis.xanalyzer" createdDate="2015-11-15T20:21:53.986-05:00" isFolder="false" path="Breadboard BI Solution Areas/Finance/Accounts Payable Module/Accounts Payable Analysis Cubes/Accounts Payable Employee Analysis.xanalyzer" isHidden="false" locale="en_US" title="Accounts Payable Employee Analysis"/>
        </ExportManifestProperty>
        <ExportManifestProperty>
            <EntityAcl>
                <entriesInheriting>true</entriesInheriting>
                <owner>admin</owner>
                <ownerType>USER</ownerType>
            </EntityAcl>
        </ExportManifestProperty>
    </ExportManifestEntity>
    <ExportManifestEntity path="Breadboard BI Solution Areas/Finance/Accounts Payable Module/Accounts Payable Analysis Cubes/Accounts Payable Supplier Analysis.xanalyzer">
        <ExportManifestProperty>
            <EntityMetaData name="Accounts Payable Supplier Analysis.xanalyzer" createdDate="2015-11-15T20:22:45.412-05:00" isFolder="false" path="Breadboard BI Solution Areas/Finance/Accounts Payable Module/Accounts Payable Analysis Cubes/Accounts Payable Supplier Analysis.xanalyzer" isHidden="false" locale="en_US" title="Accounts Payable Supplier Analysis"/>
        </ExportManifestProperty>
        <ExportManifestProperty>
            <EntityAcl>
                <entriesInheriting>true</entriesInheriting>
                <owner>admin</owner>
                <ownerType>USER</ownerType>
            </EntityAcl>
        </ExportManifestProperty>
    </ExportManifestEntity>
    <ExportManifestEntity path="Breadboard BI Solution Areas/Finance/Accounts Payable Module/Accounts Payable Analysis Cubes/Accounts Payable Time Analysis.xanalyzer">
        <ExportManifestProperty>
            <EntityMetaData name="Accounts Payable Time Analysis.xanalyzer" createdDate="2015-11-15T20:23:48.789-05:00" isFolder="false" path="Breadboard BI Solution Areas/Finance/Accounts Payable Module/Accounts Payable Analysis Cubes/Accounts Payable Time Analysis.xanalyzer" isHidden="false" locale="en_US" title="Accounts Payable Time Analysis"/>
        </ExportManifestProperty>
        <ExportManifestProperty>
            <EntityAcl>
                <entriesInheriting>true</entriesInheriting>
                <owner>admin</owner>
                <ownerType>USER</ownerType>
            </EntityAcl>
        </ExportManifestProperty>
    </ExportManifestEntity>
    <ExportManifestEntity path="Breadboard BI Solution Areas/Finance/Accounts Receivable Module">
        <ExportManifestProperty>
            <EntityMetaData name="Accounts Receivable Module" createdDate="2015-11-15T20:33:11.181-05:00" isFolder="true" path="Breadboard BI Solution Areas/Finance/Accounts Receivable Module" isHidden="false" locale="en_US" title="Accounts Receivable Module"/>
        </ExportManifestProperty>
        <ExportManifestProperty>
            <EntityAcl>
                <entriesInheriting>true</entriesInheriting>
                <owner>admin</owner>
                <ownerType>USER</ownerType>
            </EntityAcl>
        </ExportManifestProperty>
    </ExportManifestEntity>
    <ExportManifestEntity path="Breadboard BI Solution Areas/Finance/Accounts Receivable Module/Accounts Receivable Analysis Cubes">
        <ExportManifestProperty>
            <EntityMetaData name="Accounts Receivable Analysis Cubes" createdDate="2015-11-15T20:34:00.197-05:00" isFolder="true" path="Breadboard BI Solution Areas/Finance/Accounts Receivable Module/Accounts Receivable Analysis Cubes" isHidden="false" locale="en_US" title="Accounts Receivable Analysis Cubes"/>
        </ExportManifestProperty>
        <ExportManifestProperty>
            <EntityAcl>
                <entriesInheriting>true</entriesInheriting>
                <owner>admin</owner>
                <ownerType>USER</ownerType>
            </EntityAcl>
        </ExportManifestProperty>
    </ExportManifestEntity>
    <ExportManifestEntity path="Breadboard BI Solution Areas/Finance/Accounts Receivable Module/Accounts Receivable Analysis Cubes/Accounts Receivable Account Analysis.xanalyzer">
        <ExportManifestProperty>
            <EntityMetaData name="Accounts Receivable Account Analysis.xanalyzer" createdDate="2015-11-15T20:35:49.666-05:00" isFolder="false" path="Breadboard BI Solution Areas/Finance/Accounts Receivable Module/Accounts Receivable Analysis Cubes/Accounts Receivable Account Analysis.xanalyzer" isHidden="false" locale="en_US" title="Accounts Receivable Account Analysis"/>
        </ExportManifestProperty>
        <ExportManifestProperty>
            <EntityAcl>
                <entriesInheriting>true</entriesInheriting>
                <owner>admin</owner>
                <ownerType>USER</ownerType>
            </EntityAcl>
        </ExportManifestProperty>
    </ExportManifestEntity>
    <ExportManifestEntity path="Breadboard BI Solution Areas/Finance/Accounts Receivable Module/Accounts Receivable Analysis Cubes/Accounts Receivable Account Time Analysis.xanalyzer">
        <ExportManifestProperty>
            <EntityMetaData name="Accounts Receivable Account Time Analysis.xanalyzer" createdDate="2015-11-15T20:37:34.388-05:00" isFolder="false" path="Breadboard BI Solution Areas/Finance/Accounts Receivable Module/Accounts Receivable Analysis Cubes/Accounts Receivable Account Time Analysis.xanalyzer" isHidden="false" locale="en_US" title="Accounts Receivable Account Time Analysis"/>
        </ExportManifestProperty>
        <ExportManifestProperty>
            <EntityAcl>
                <entriesInheriting>true</entriesInheriting>
                <owner>admin</owner>
                <ownerType>USER</ownerType>
            </EntityAcl>
        </ExportManifestProperty>
    </ExportManifestEntity>
    <ExportManifestEntity path="Breadboard BI Solution Areas/Finance/Accounts Receivable Module/Accounts Receivable Analysis Cubes/Accounts Receivable Ledger Analysis.xanalyzer">
        <ExportManifestProperty>
            <EntityMetaData name="Accounts Receivable Ledger Analysis.xanalyzer" createdDate="2015-11-15T20:47:38.437-05:00" isFolder="false" path="Breadboard BI Solution Areas/Finance/Accounts Receivable Module/Accounts Receivable Analysis Cubes/Accounts Receivable Ledger Analysis.xanalyzer" isHidden="false" locale="en_US" title="Accounts Receivable Ledger Analysis"/>
        </ExportManifestProperty>
        <ExportManifestProperty>
            <EntityAcl>
                <entriesInheriting>true</entriesInheriting>
                <owner>admin</owner>
                <ownerType>USER</ownerType>
            </EntityAcl>
        </ExportManifestProperty>
    </ExportManifestEntity>
    <ExportManifestEntity path="Breadboard BI Solution Areas/Finance/Accounts Receivable Module/Accounts Receivable Analysis Cubes/Accounts Receivable Product Analysis.xanalyzer">
        <ExportManifestProperty>
            <EntityMetaData name="Accounts Receivable Product Analysis.xanalyzer" createdDate="2015-11-15T20:48:46.817-05:00" isFolder="false" path="Breadboard BI Solution Areas/Finance/Accounts Receivable Module/Accounts Receivable Analysis Cubes/Accounts Receivable Product Analysis.xanalyzer" isHidden="false" locale="en_US" title="Accounts Receivable Product Analysis"/>
        </ExportManifestProperty>
        <ExportManifestProperty>
            <EntityAcl>
                <entriesInheriting>true</entriesInheriting>
                <owner>admin</owner>
                <ownerType>USER</ownerType>
            </EntityAcl>
        </ExportManifestProperty>
    </ExportManifestEntity>
    <ExportManifestEntity path="Breadboard BI Solution Areas/Finance/Accounts Receivable Module/Accounts Receivable Analysis Cubes/Accounts Receivable Product Brand Analysis.xanalyzer">
        <ExportManifestProperty>
            <EntityMetaData name="Accounts Receivable Product Brand Analysis.xanalyzer" createdDate="2015-11-15T20:49:36.515-05:00" isFolder="false" path="Breadboard BI Solution Areas/Finance/Accounts Receivable Module/Accounts Receivable Analysis Cubes/Accounts Receivable Product Brand Analysis.xanalyzer" isHidden="false" locale="en_US" title="Accounts Receivable Product Brand Analysis"/>
        </ExportManifestProperty>
        <ExportManifestProperty>
            <EntityAcl>
                <entriesInheriting>true</entriesInheriting>
                <owner>admin</owner>
                <ownerType>USER</ownerType>
            </EntityAcl>
        </ExportManifestProperty>
    </ExportManifestEntity>
    <ExportManifestEntity path="Breadboard BI Solution Areas/Finance/Accounts Receivable Module/Accounts Receivable Analysis Cubes/Accounts Receivable Time Analysis.xanalyzer">
        <ExportManifestProperty>
            <EntityMetaData name="Accounts Receivable Time Analysis.xanalyzer" createdDate="2015-11-15T20:50:43.131-05:00" isFolder="false" path="Breadboard BI Solution Areas/Finance/Accounts Receivable Module/Accounts Receivable Analysis Cubes/Accounts Receivable Time Analysis.xanalyzer" isHidden="false" locale="en_US" title="Accounts Receivable Time Analysis"/>
        </ExportManifestProperty>
        <ExportManifestProperty>
            <EntityAcl>
                <entriesInheriting>true</entriesInheriting>
                <owner>admin</owner>
                <ownerType>USER</ownerType>
            </EntityAcl>
        </ExportManifestProperty>
    </ExportManifestEntity>
    <ExportManifestEntity path="Breadboard BI Solution Areas/Supply Chain">
        <ExportManifestProperty>
            <EntityMetaData name="Supply Chain" createdDate="2015-11-10T09:39:58.892-05:00" isFolder="true" path="Breadboard BI Solution Areas/Supply Chain" isHidden="false" locale="en_US" title="Supply Chain"/>
        </ExportManifestProperty>
        <ExportManifestProperty>
            <EntityAcl>
                <entriesInheriting>true</entriesInheriting>
                <owner>admin</owner>
                <ownerType>USER</ownerType>
            </EntityAcl>
        </ExportManifestProperty>
    </ExportManifestEntity>
    <ExportManifestEntity path="Breadboard BI Solution Areas/Workforce">
        <ExportManifestProperty>
            <EntityMetaData name="Workforce" createdDate="2015-11-10T09:40:08.433-05:00" isFolder="true" path="Breadboard BI Solution Areas/Workforce" isHidden="false" locale="en_US" title="Workforce"/>
        </ExportManifestProperty>
        <ExportManifestProperty>
            <EntityAcl>
                <entriesInheriting>true</entriesInheriting>
                <owner>admin</owner>
                <ownerType>USER</ownerType>
            </EntityAcl>
        </ExportManifestProperty>
    </ExportManifestEntity>
</ns2:ExportManifest>
